Workbook

Sheet README
A1: Fig. 2(a) — ITO thickness with an Al and an Ag reflector
A2: Raw data for the three panels: round-trip loss split into mirror and TCO parts, and the resulting extraction efficiency
A4: Stack
A5: Common part | B5: reflector 100 nm / ETL 200 nm / EML 20 nm (isotropic dipole at the centre) / HTL 200 nm / ITO (thickness swept) / substrate
A6: Reflector | B6: Al: Johnson-Christy-type n,k from the project library (0.958 + 6.687i at 550 nm). Ag: McPeak measured n,k (0.044 + 3.819i)
A7: ITO | B7: n = 1.8636 + 0.0032285i at 550 nm — Koenig et al., ACS Nano 8, 6182 (2014), the refractiveindex.info tabulation; identical to the l_ITO entry of the project library. Thickness 30 to 200 nm in 10 nm steps
A8: Organics | B8: EML, HTL and ETL isotropic n = 1.8, k = 0
A9: Wavelength | B9: 550 nm, single wavelength, PLQY = 1, u grid 3000 points
A11: Quantities
A12: A' (total) | B12: round-trip loss = 1 minus the reflectance of the OLED stack seen from the substrate, flux-weighted over substrate angles and averaged over p and s
A13: A' mirror | B13: the same quantity recomputed with k_ITO = 0, so only the metal absorbs
A14: A' TCO | B14: the remainder, A'(total) minus A'(mirror). These two stack to A'(total) — this is the split drawn in the left and centre panels
A15: eta_ext | B15: p / [p + (1-p) A'(total)]. FORMULA, driven by the p cell below
A16: eta_sub | B16: substrate-delivered power from the five-channel budget; not plotted in this figure but included for reference
A18: Input
A19: p at n_sub = 1.5 | B19: 0.38
A20: p at n_sub = 1.8 | B20: 0.3
A21: Source of p | B21: read off the single-pass-escape-probability curve; roughly 1/n_sub^2 (Yablonovitch 1982)
A23: Sheets
A24: nsub_1.5 | B24: the panels as drawn: glass substrate with a microlens film
A25: nsub_1.8 | B25: the same sweep on a high-index substrate, for the companion numbers quoted in the caption
A27: Provenance
A28: Script | B28: sim/design_rule4/dr4e.m (Octave), MODE=dbot, run with UNUM=3000
A29: Source files | B29: kn2_{al,ag}_{15,18}.csv (Koenig ITO) and kn3_{al,ag}_{15,18}_k0.csv (same stack at k_ITO = 0)
A30: Superseded | B30: tco2_*/tco3_* hold the earlier run at n = 1.9 + 0.02i, kept for comparison
A31: Repository | B31: jjoono/OLED-, branch claude/oled-efficiency-paper-ag-955zsk, figures/fig2a_mock/

Sheet nsub_1.5
A1: Panel as drawn: glass substrate with a microlens film, n_sub = 1.5
A2: A' mirror + A' TCO = A' total. eta_ext is a formula driven by p in README!B19
A4: ITO thickness (nm) | B4: A' mirror (Al) | C4: A' TCO (Al) | D4: A' total (Al) | E4: eta_ext (Al) | F4: eta_sub (Al) | G4: A' mirror (Ag) | H4: A' TCO (Ag) | I4: A' total (Ag) | J4: eta_ext (Ag) | K4: eta_sub (Ag)
A5: 30 | B5: 0.13412878 | C5: 0.0050315677 | D5: 0.13916035 | E5: =README!$B$19/(README!$B$19+(1-README!$B$19)*D5) | F5: 0.39664797 | G5: 0.018156707 | H5: 0.005793305 | I5: 0.023950012 | J5: =README!$B$19/(README!$B$19+(1-README!$B$19)*I5) | K5: 0.47236598
A6: 40 | B6: 0.13424624 | C6: 0.0064827108 | D6: 0.14072895 | E6: =README!$B$19/(README!$B$19+(1-README!$B$19)*D6) | F6: 0.3967918 | G6: 0.018224347 | H6: 0.0075479272 | I6: 0.025772274 | J6: =README!$B$19/(README!$B$19+(1-README!$B$19)*I6) | K6: 0.47733674
A7: 50 | B7: 0.13473057 | C7: 0.0078554326 | D7: 0.142586 | E7: =README!$B$19/(README!$B$19+(1-README!$B$19)*D7) | F7: 0.39713649 | G7: 0.018360468 | H7: 0.0092500695 | I7: 0.027610538 | J7: =README!$B$19/(README!$B$19+(1-README!$B$19)*I7) | K7: 0.46488789
A8: 60 | B8: 0.13557492 | C8: 0.0091686071 | D8: 0.14474353 | E8: =README!$B$19/(README!$B$19+(1-README!$B$19)*D8) | F8: 0.3984079 | G8: 0.018361778 | H8: 0.010752678 | I8: 0.029114456 | J8: =README!$B$19/(README!$B$19+(1-README!$B$19)*I8) | K8: 0.46811143
A9: 70 | B9: 0.13657347 | C9: 0.010429819 | D9: 0.14700329 | E9: =README!$B$19/(README!$B$19+(1-README!$B$19)*D9) | F9: 0.40006902 | G9: 0.017362103 | H9: 0.011646778 | I9: 0.029008881 | J9: =README!$B$19/(README!$B$19+(1-README!$B$19)*I9) | K9: 0.43895454
A10: 80 | B10: 0.13667607 | C10: 0.011617237 | D10: 0.14829331 | E10: =README!$B$19/(README!$B$19+(1-README!$B$19)*D10) | F10: 0.3973858 | G10: 0.016990684 | H10: 0.012762294 | I10: 0.029752978 | J10: =README!$B$19/(README!$B$19+(1-README!$B$19)*I10) | K10: 0.42273129
A11: 90 | B11: 0.13383919 | C11: 0.012890033 | D11: 0.14672922 | E11: =README!$B$19/(README!$B$19+(1-README!$B$19)*D11) | F11: 0.386617 | G11: 0.01695121 | H11: 0.014162698 | I11: 0.031113908 | J11: =README!$B$19/(README!$B$19+(1-README!$B$19)*I11) | K11: 0.41718864
A12: 100 | B12: 0.13163469 | C12: 0.014202763 | D12: 0.14583746 | E12: =README!$B$19/(README!$B$19+(1-README!$B$19)*D12) | F12: 0.37722622 | G12: 0.017059749 | H12: 0.015813906 | I12: 0.032873655 | J12: =README!$B$19/(README!$B$19+(1-README!$B$19)*I12) | K12: 0.4163619
A13: 110 | B13: 0.13092315 | C13: 0.015657229 | D13: 0.14658038 | E13: =README!$B$19/(README!$B$19+(1-README!$B$19)*D13) | F13: 0.37291555 | G13: 0.017201097 | H13: 0.017652114 | I13: 0.03485321 | J13: =README!$B$19/(README!$B$19+(1-README!$B$19)*I13) | K13: 0.41705669
A14: 120 | B14: 0.13086967 | C14: 0.017263547 | D14: 0.14813322 | E14: =README!$B$19/(README!$B$19+(1-README!$B$19)*D14) | F14: 0.37117408 | G14: 0.017311838 | H14: 0.019602018 | I14: 0.036913856 | J14: =README!$B$19/(README!$B$19+(1-README!$B$19)*I14) | K14: 0.4177583
A15: 130 | B15: 0.13090994 | C15: 0.018971106 | D15: 0.14988104 | E15: =README!$B$19/(README!$B$19+(1-README!$B$19)*D15) | F15: 0.37031257 | G15: 0.017370258 | H15: 0.021601235 | I15: 0.038971493 | J15: =README!$B$19/(README!$B$19+(1-README!$B$19)*I15) | K15: 0.4179842
A16: 140 | B16: 0.1308071 | C16: 0.020726998 | D16: 0.1515341 | E16: =README!$B$19/(README!$B$19+(1-README!$B$19)*D16) | F16: 0.36963604 | G16: 0.017380904 | H16: 0.023611302 | I16: 0.040992206 | J16: =README!$B$19/(README!$B$19+(1-README!$B$19)*I16) | K16: 0.41781147
... A22: 200 | B22: 0.13004453 | C22: 0.031213135 | D22: 0.16125766 | E22: =README!$B$19/(README!$B$19+(1-README!$B$19)*D22) | F22: 0.37679214 | G22: 0.017498331 | H22: 0.035907421 | I22: 0.053405752 | J22: =README!$B$19/(README!$B$19+(1-README!$B$19)*I22) | K22: 0.43033494

Sheet nsub_1.8
A1: Companion sweep on a high-index substrate, n_sub = 1.8
A2: A' mirror + A' TCO = A' total. eta_ext is a formula driven by p in README!B20
A4: ITO thickness (nm) | B4: A' mirror (Al) | C4: A' TCO (Al) | D4: A' total (Al) | E4: eta_ext (Al) | F4: eta_sub (Al) | G4: A' mirror (Ag) | H4: A' TCO (Ag) | I4: A' total (Ag) | J4: eta_ext (Ag) | K4: eta_sub (Ag)
A5: 30 | B5: 0.13698642 | C5: 0.0077833996 | D5: 0.14476982 | E5: =README!$B$20/(README!$B$20+(1-README!$B$20)*D5) | F5: 0.84568949 | G5: 0.016708992 | H5: 0.0087473112 | I5: 0.025456303 | J5: =README!$B$20/(README!$B$20+(1-README!$B$20)*I5) | K5: 0.96056606
A6: 40 | B6: 0.13697965 | C6: 0.010267009 | D6: 0.14724666 | E6: =README!$B$20/(README!$B$20+(1-README!$B$20)*D6) | F6: 0.84379245 | G6: 0.016691513 | H6: 0.011562062 | I6: 0.028253575 | J6: =README!$B$20/(README!$B$20+(1-README!$B$20)*I6) | K6: 0.95853434
A7: 50 | B7: 0.13701135 | C7: 0.012680492 | D7: 0.14969184 | E7: =README!$B$20/(README!$B$20+(1-README!$B$20)*D7) | F7: 0.8417933 | G7: 0.016684341 | H7: 0.014327099 | I7: 0.03101144 | J7: =README!$B$20/(README!$B$20+(1-README!$B$20)*I7) | K7: 0.95640534
A8: 60 | B8: 0.13709644 | C8: 0.015011759 | D8: 0.1521082 | E8: =README!$B$20/(README!$B$20+(1-README!$B$20)*D8) | F8: 0.83963086 | G8: 0.016688554 | H8: 0.01703538 | I8: 0.033723934 | J8: =README!$B$20/(README!$B$20+(1-README!$B$20)*I8) | K8: 0.95413825
A9: 70 | B9: 0.13723546 | C9: 0.017187022 | D9: 0.15442248 | E9: =README!$B$20/(README!$B$20+(1-README!$B$20)*D9) | F9: 0.8371634 | G9: 0.016703211 | H9: 0.019598816 | I9: 0.036302027 | J9: =README!$B$20/(README!$B$20+(1-README!$B$20)*I9) | K9: 0.95165635
A10: 80 | B10: 0.13737051 | C10: 0.019020691 | D10: 0.1563912 | E10: =README!$B$20/(README!$B$20+(1-README!$B$20)*D10) | F10: 0.83370662 | G10: 0.016719442 | H10: 0.021797935 | I10: 0.038517377 | J10: =README!$B$20/(README!$B$20+(1-README!$B$20)*I10) | K10: 0.94798547
A11: 90 | B11: 0.1375168 | C11: 0.020693677 | D11: 0.15821048 | E11: =README!$B$20/(README!$B$20+(1-README!$B$20)*D11) | F11: 0.82296312 | G11: 0.016740105 | H11: 0.023851782 | I11: 0.040591887 | J11: =README!$B$20/(README!$B$20+(1-README!$B$20)*I11) | K11: 0.93492932
A12: 100 | B12: 0.13763221 | C12: 0.022344088 | D12: 0.15997629 | E12: =README!$B$20/(README!$B$20+(1-README!$B$20)*D12) | F12: 0.81809212 | G12: 0.016742137 | H12: 0.025725793 | I12: 0.04246793 | J12: =README!$B$20/(README!$B$20+(1-README!$B$20)*I12) | K12: 0.93049236
A13: 110 | B13: 0.13763292 | C13: 0.023982815 | D13: 0.16161573 | E13: =README!$B$20/(README!$B$20+(1-README!$B$20)*D13) | F13: 0.81444749 | G13: 0.01670179 | H13: 0.027386946 | I13: 0.044088735 | J13: =README!$B$20/(README!$B$20+(1-README!$B$20)*I13) | K13: 0.9257663
A14: 120 | B14: 0.13738301 | C14: 0.025623823 | D14: 0.16300683 | E14: =README!$B$20/(README!$B$20+(1-README!$B$20)*D14) | F14: 0.81118007 | G14: 0.016666423 | H14: 0.029019088 | I14: 0.045685511 | J14: =README!$B$20/(README!$B$20+(1-README!$B$20)*I14) | K14: 0.9184517
A15: 130 | B15: 0.13679045 | C15: 0.027306622 | D15: 0.16409707 | E15: =README!$B$20/(README!$B$20+(1-README!$B$20)*D15) | F15: 0.80838133 | G15: 0.016632291 | H15: 0.030672612 | I15: 0.047304903 | J15: =README!$B$20/(README!$B$20+(1-README!$B$20)*I15) | K15: 0.91461118
A16: 140 | B16: 0.13603293 | C16: 0.028964763 | D16: 0.16499769 | E16: =README!$B$20/(README!$B$20+(1-README!$B$20)*D16) | F16: 0.80590192 | G16: 0.016597518 | H16: 0.032342453 | I16: 0.048939971 | J16: =README!$B$20/(README!$B$20+(1-README!$B$20)*I16) | K16: 0.91146312
... A22: 200 | B22: 0.13272681 | C22: 0.03801055 | D22: 0.17073736 | E22: =README!$B$20/(README!$B$20+(1-README!$B$20)*D22) | F22: 0.79894067 | G22: 0.016456117 | H22: 0.042395887 | I22: 0.058852004 | J22: =README!$B$20/(README!$B$20+(1-README!$B$20)*I22) | K22: 0.90363992
