Workbook

Sheet README
A1: Design rule: parasitic absorption sets the substrate-to-air extraction efficiency
A2: Raw data behind the three panels of dr4e_mock.png
A4: What this is
A5: Model | B5: Dipole transfer-matrix (CPS) with the five-channel power budget: air + substrate-confined + waveguided + u>1 + absorption = 1
A6: Wavelength | B6: 550 nm, single wavelength
A7: Emitter | B7: Isotropic dipole (horizontal fraction 2/3) at the centre of the EML; photoluminescence quantum yield = 1
A8: u grid | B8: 3000 points, maximum u = 3; five-channel closure better than 1e-6
A10: Stacks — two alternative devices, not one
A11: Common part | B11: Ag 100 nm (McPeak measured n,k = 0.044 + 3.819i, never swept) / ETL 200 nm / EML 20 nm / HTL 200 nm / [bottom electrode] / substrate
A12: Device A (sheet a) | B12: Bottom electrode = transparent conducting oxide, 50 nm, n = 1.9 + k_TCO i; k_TCO is swept
A13: Device B (sheet b) | B13: Bottom electrode = thin Ag, 10 nm, n = n_Ag + 3.5i; n_Ag is swept
A14: Organic indices | B14: EML and HTL isotropic at n = 1.8, k = 0. ETL uniaxial: ordinary n_o = 1.8, extraordinary n_e = 1.6
A15: Substrate | B15: n = 1.8
A17: Quantities
A18: eta_sub | B18: Substrate-delivered power: the fraction of dipole power that reaches the substrate, at all angles (simulated)
A19: A' | B19: Round-trip loss, 1 minus the reflectance of the OLED stack seen from the substrate, flux-weighted (cos x sin) over substrate angles and averaged over p and s polarisation (simulated)
A20: eta_ext | B20: Substrate-to-air extraction efficiency = p / [p + (1 - p) A']. FORMULA, recalculates from the p cell below
A21: EQE | B21: eta_sub x eta_ext. FORMULA
A22: u>1 bin | B22: Power beyond the light line: surface plasmon, plus light guided in the electrode when its index exceeds the substrate (simulated)
A24: Input — edit this cell and the whole workbook updates
A25: p (single-pass escape probability of the microlens array) | B25: 0.3
A26: Source of p | B26: Read off the blue single-pass-escape-probability curve of Fig. 1c at n_sub = 1.8; digitisation uncertainty about +/- 0.01. The slide used 0.40.
A28: Provenance
A29: Simulation script | B29: sim/design_rule4/dr4d.m (Octave 8.4), run with UNUM=3000
A30: Source files | B30: p_ito_n19.csv (sheet a), p_ag.csv (sheet b)
A31: Figure script | B31: sim/design_rule4/plot_dr4e.py
A32: Repository | B32: jjoono/OLED-, branch claude/oled-efficiency-paper-ag-955zsk

Sheet a_TCO_electrode
A1: Panel (a) — device A: bottom electrode is a 50 nm TCO with n = 1.9 + k_TCO i. Ag reflector fixed at McPeak n,k.
A2: eta_ext and EQE are formulas driven by p in README!B25
A4: k_TCO (extinction) | B4: eta_sub | C4: A' (round-trip loss) | D4: Waveguided | E4: u>1 bin | F4: Absorption | G4: eta_ext | H4: EQE | I4: Channel sum (check)
A5: 0 | B5: 0.94962754 | C5: 0.020937603 | D5: 0 | E5: 0.037685744 | F5: 0.012686713 | G5: =README!$B$25/(README!$B$25+(1-README!$B$25)*C5) -> 0.95342117 | H5: =B5*G5 -> 0.90539501 | I5: =B5+D5+E5+F5 -> 1
A6: 0.0025 | B6: 0.94121546 | C6: 0.031469992 | D6: 0 | E6: 0.039563902 | F6: 0.019220637 | G6: =README!$B$25/(README!$B$25+(1-README!$B$25)*C6) -> 0.93159313 | H6: =B6*G6 -> 0.87682986 | I6: =B6+D6+E6+F6 -> 1
A7: 0.005 | B7: 0.93325526 | C7: 0.041650716 | D7: 0 | E7: 0.041289855 | F7: 0.025454886 | G7: =README!$B$25/(README!$B$25+(1-README!$B$25)*C7) -> 0.91142332 | H7: =B7*G7 -> 0.85059061 | I7: =B7+D7+E7+F7 -> 1
A8: 0.0075 | B8: 0.92577519 | C8: 0.051522771 | D8: 0 | E8: 0.042780842 | F8: 0.031443966 | G8: =README!$B$25/(README!$B$25+(1-README!$B$25)*C8) -> 0.89268195 | H8: =B8*G8 -> 0.82642281 | I8: =B8+D8+E8+F8 -> 1
A9: 0.01 | B9: 0.91874814 | C9: 0.061119013 | D9: 0 | E9: 0.044022719 | F9: 0.037229143 | G9: =README!$B$25/(README!$B$25+(1-README!$B$25)*C9) -> 0.87518847 | H9: =B9*G9 -> 0.80407778 | I9: =B9+D9+E9+F9 -> 1
A10: 0.0125 | B10: 0.9121149 | C10: 0.070464811 | D10: 0 | E10: 0.045043943 | F10: 0.04284116 | G10: =README!$B$25/(README!$B$25+(1-README!$B$25)*C10) -> 0.85879821 | H10: =B10*G10 -> 0.78332264 | I10: =B10+D10+E10+F10 -> 1
A11: 0.015 | B11: 0.90581043 | C11: 0.079580264 | D11: 0 | E11: 0.045886571 | F11: 0.048302996 | G11: =README!$B$25/(README!$B$25+(1-README!$B$25)*C11) -> 0.8433927 | H11: =B11*G11 -> 0.76395391 | I11: =B11+D11+E11+F11 -> 1
A12: 0.0175 | B12: 0.89977788 | C12: 0.088481745 | D12: 0 | E12: 0.046589929 | F12: 0.053632191 | G12: =README!$B$25/(README!$B$25+(1-README!$B$25)*C12) -> 0.82887303 | H12: =B12*G12 -> 0.74580161 | I12: =B12+D12+E12+F12 -> 1
A13: 0.02 | B13: 0.89397218 | C13: 0.097182931 | D13: 0 | E13: 0.04718533 | F13: 0.05884249 | G13: =README!$B$25/(README!$B$25+(1-README!$B$25)*C13) -> 0.81515525 | H13: =B13*G13 -> 0.72872612 | I13: =B13+D13+E13+F13 -> 1
A14: 0.0225 | B14: 0.8883589 | C14: 0.10569549 | D14: 0 | E14: 0.047696149 | F14: 0.06394495 | G14: =README!$B$25/(README!$B$25+(1-README!$B$25)*C14) -> 0.80216726 | H14: =B14*G14 -> 0.71261243 | I14: =B14+D14+E14+F14 -> 1
A15: 0.025 | B15: 0.88291184 | C15: 0.11402954 | D15: 0 | E15: 0.048139511 | F15: 0.068948648 | G15: =README!$B$25/(README!$B$25+(1-README!$B$25)*C15) -> 0.78984642 | H15: =B15*G15 -> 0.69736475 | I15: =B15+D15+E15+F15 -> 1
A16: 0.0275 | B16: 0.87761082 | C16: 0.12219399 | D16: 0 | E16: 0.048528008 | F16: 0.073861167 | G16: =README!$B$25/(README!$B$25+(1-README!$B$25)*C16) -> 0.77813787 | H16: =B16*G16 -> 0.68290222 | I16: =B16+D16+E16+F16 -> 1
... A37: 0.08 | B37: 0.78577926 | C37: 0.26409323 | D37: 0 | E37: 0.051517108 | F37: 0.16270363 | G37: =README!$B$25/(README!$B$25+(1-README!$B$25)*C37) -> 0.61872859 | H37: =B37*G37 -> 0.48618409 | I37: =B37+D37+E37+F37 -> 1

Sheet b_thin_Ag_electrode
A1: Panel (b) — device B: bottom electrode is a 10 nm Ag with n = n_Ag + 3.5i. Ag reflector fixed at McPeak n,k.
A2: eta_ext and EQE are formulas driven by p in README!B25
A4: n_Ag (real index) | B4: eta_sub | C4: A' (round-trip loss) | D4: Waveguided | E4: u>1 bin | F4: Absorption | G4: eta_ext | H4: EQE | I4: Channel sum (check)
A5: 0 | B5: 0.93980533 | C5: 0.023585545 | D5: 0 | E5: 0.041635618 | F5: 0.018559048 | G5: =README!$B$25/(README!$B$25+(1-README!$B$25)*C5) -> 0.94783771 | H5: =B5*G5 -> 0.89078293 | I5: =B5+D5+E5+F5 -> 1
A6: 0.02 | B6: 0.92578944 | C6: 0.039200209 | D6: 0 | E6: 0.041713773 | F6: 0.032496787 | G6: =README!$B$25/(README!$B$25+(1-README!$B$25)*C6) -> 0.91619798 | H6: =B6*G6 -> 0.84820641 | I6: =B6+D6+E6+F6 -> 1
A7: 0.04 | B7: 0.91233574 | C7: 0.054394681 | D7: 0 | E7: 0.04179152 | F7: 0.045872736 | G7: =README!$B$25/(README!$B$25+(1-README!$B$25)*C7) -> 0.88737371 | H7: =B7*G7 -> 0.80958275 | I7: =B7+D7+E7+F7 -> 1
A8: 0.06 | B8: 0.8994034 | C8: 0.069185643 | D8: 0 | E8: 0.041868874 | F8: 0.058727726 | G8: =README!$B$25/(README!$B$25+(1-README!$B$25)*C8) -> 0.8610052 | H8: =B8*G8 -> 0.77439101 | I8: =B8+D8+E8+F8 -> 1
A9: 0.08 | B9: 0.88695579 | C9: 0.08358873 | D9: 0 | E9: 0.041945845 | F9: 0.071098364 | G9: =README!$B$25/(README!$B$25+(1-README!$B$25)*C9) -> 0.83679182 | H9: =B9*G9 -> 0.74219735 | I9: =B9+D9+E9+F9 -> 1
A10: 0.1 | B10: 0.87495998 | C10: 0.097618621 | D10: 0 | E10: 0.042022443 | F10: 0.083017577 | G10: =README!$B$25/(README!$B$25+(1-README!$B$25)*C10) -> 0.8144803 | H10: =B10*G10 -> 0.71263767 | I10: =B10+D10+E10+F10 -> 1
A11: 0.12 | B11: 0.86338624 | C11: 0.11128913 | D11: 0 | E11: 0.042098678 | F11: 0.094515081 | G11: =README!$B$25/(README!$B$25+(1-README!$B$25)*C11) -> 0.79385578 | H11: =B11*G11 -> 0.68540416 | I11: =B11+D11+E11+F11 -> 1
A12: 0.14 | B12: 0.85220767 | C12: 0.12461329 | D12: 0 | E12: 0.042174561 | F12: 0.10561777 | G12: =README!$B$25/(README!$B$25+(1-README!$B$25)*C12) -> 0.77473476 | H12: =B12*G12 -> 0.6602349 | I12: =B12+D12+E12+F12 -> 1
A13: 0.16 | B13: 0.84139984 | C13: 0.13760339 | D13: 0 | E13: 0.042250104 | F13: 0.11635006 | G13: =README!$B$25/(README!$B$25+(1-README!$B$25)*C13) -> 0.75695954 | H13: =B13*G13 -> 0.63690563 | I13: =B13+D13+E13+F13 -> 1
A14: 0.18 | B14: 0.83094052 | C14: 0.15027107 | D14: 0 | E14: 0.042325317 | F14: 0.12673416 | G14: =README!$B$25/(README!$B$25+(1-README!$B$25)*C14) -> 0.74039385 | H14: =B14*G14 -> 0.61522325 | I14: =B14+D14+E14+F14 -> 1
A15: 0.2 | B15: 0.82080942 | C15: 0.16262735 | D15: 0 | E15: 0.042400211 | F15: 0.13679036 | G15: =README!$B$25/(README!$B$25+(1-README!$B$25)*C15) -> 0.72491934 | H15: =B15*G15 -> 0.59502062 | I15: =B15+D15+E15+F15 -> 1
A16: 0.22 | B16: 0.81098799 | C16: 0.17468269 | D16: 0 | E16: 0.042474799 | F16: 0.14653721 | G16: =README!$B$25/(README!$B$25+(1-README!$B$25)*C16) -> 0.71043266 | H16: =B16*G16 -> 0.57615236 | I16: =B16+D16+E16+F16 -> 1
... A30: 0.5 | B30: 0.69847319 | C30: 0.31665992 | D30: 0 | E30: 0.043493178 | F30: 0.25803363 | G30: =README!$B$25/(README!$B$25+(1-README!$B$25)*C30) -> 0.57508508 | H30: =B30*G30 -> 0.40168151 | I30: =B30+D30+E30+F30 -> 1

Sheet c_p_sensitivity
A1: Panel (c) — how the extraction efficiency responds to the microlens escape probability p.
A2: Every cell is a formula: eta_ext = p / [p + (1 - p) A'], with A' taken from row 4.
A4: A' -> | B4: 0.020937603 | C4: 0.097182931 | D4: 0.18644702 | E4: 0.26409323
A5: p | B5: ideal electrode | C5: TCO, k_TCO = 0.02 | D5: Ag, n_Ag = 0.24 | E5: TCO, k_TCO = 0.08
A6: 0.15 | B6: =$A6/($A6+(1-$A6)*B$4) -> 0.89393752 | C6: =$A6/($A6+(1-$A6)*C$4) -> 0.6448687 | D6: =$A6/($A6+(1-$A6)*D$4) -> 0.48625524 | E6: =$A6/($A6+(1-$A6)*E$4) -> 0.40055624
A7: 0.175 | B7: =$A7/($A7+(1-$A7)*B$4) -> 0.91016172 | C7: =$A7/($A7+(1-$A7)*C$4) -> 0.68580139 | D7: =$A7/($A7+(1-$A7)*D$4) -> 0.53220803 | E7: =$A7/($A7+(1-$A7)*E$4) -> 0.44543212
A8: 0.2 | B8: =$A8/($A8+(1-$A8)*B$4) -> 0.92272168 | C8: =$A8/($A8+(1-$A8)*C$4) -> 0.72008148 | D8: =$A8/($A8+(1-$A8)*D$4) -> 0.57280721 | E8: =$A8/($A8+(1-$A8)*E$4) -> 0.48629312
A9: 0.225 | B9: =$A9/($A9+(1-$A9)*B$4) -> 0.93273279 | C9: =$A9/($A9+(1-$A9)*C$4) -> 0.74920891 | D9: =$A9/($A9+(1-$A9)*D$4) -> 0.60893685 | E9: =$A9/($A9+(1-$A9)*E$4) -> 0.52365494
A10: 0.25 | B10: =$A10/($A10+(1-$A10)*B$4) -> 0.94089946 | C10: =$A10/($A10+(1-$A10)*C$4) -> 0.77426421 | D10: =$A10/($A10+(1-$A10)*D$4) -> 0.64129652 | E10: =$A10/($A10+(1-$A10)*E$4) -> 0.55794863
A11: 0.275 | B11: =$A11/($A11+(1-$A11)*B$4) -> 0.94768842 | C11: =$A11/($A11+(1-$A11)*C$4) -> 0.79604554 | D11: =$A11/($A11+(1-$A11)*D$4) -> 0.67044703 | E11: =$A11/($A11+(1-$A11)*E$4) -> 0.5895372
A12: 0.3 | B12: =$A12/($A12+(1-$A12)*B$4) -> 0.95342117 | C12: =$A12/($A12+(1-$A12)*C$4) -> 0.81515525 | D12: =$A12/($A12+(1-$A12)*D$4) -> 0.69684321 | E12: =$A12/($A12+(1-$A12)*E$4) -> 0.61872859
A13: 0.325 | B13: =$A13/($A13+(1-$A13)*B$4) -> 0.95832642 | C13: =$A13/($A13+(1-$A13)*C$4) -> 0.83205649 | D13: =$A13/($A13+(1-$A13)*D$4) -> 0.72085782 | E13: =$A13/($A13+(1-$A13)*E$4) -> 0.64578569
A14: 0.35 | B14: =$A14/($A14+(1-$A14)*B$4) -> 0.96257126 | C14: =$A14/($A14+(1-$A14)*C$4) -> 0.84711118 | D14: =$A14/($A14+(1-$A14)*D$4) -> 0.74279926 | E14: =$A14/($A14+(1-$A14)*E$4) -> 0.67093432
A15: 0.375 | B15: =$A15/($A15+(1-$A15)*B$4) -> 0.96628067 | C15: =$A15/($A15+(1-$A15)*C$4) -> 0.86060627 | D15: =$A15/($A15+(1-$A15)*D$4) -> 0.76292488 | E15: =$A15/($A15+(1-$A15)*E$4) -> 0.69436952
A16: 0.4 | B16: =$A16/($A16+(1-$A16)*B$4) -> 0.96954992 | C16: =$A16/($A16+(1-$A16)*C$4) -> 0.87277216 | D16: =$A16/($A16+(1-$A16)*D$4) -> 0.78145114 | E16: =$A16/($A16+(1-$A16)*E$4) -> 0.71626062
A17: 0.425 | B17: =$A17/($A17+(1-$A17)*B$4) -> 0.97245299 | C17: =$A17/($A17+(1-$A17)*C$4) -> 0.88379603 | D17: =$A17/($A17+(1-$A17)*D$4) -> 0.79856141 | E17: =$A17/($A17+(1-$A17)*E$4) -> 0.73675538
... A36: 0.9 | B36: =$A36/($A36+(1-$A36)*B$4) -> 0.997679 | C36: =$A36/($A36+(1-$A36)*C$4) -> 0.98931725 | D36: =$A36/($A36+(1-$A36)*D$4) -> 0.97970412 | E36: =$A36/($A36+(1-$A36)*E$4) -> 0.97149281
