Workbook

Sheet README
A1: Fig. 3(a) panel (c) — every electrode in the library on one stack
A2: Each row is a film measured by ellipsometry in this group, taken at 550 nm and run on the same device
A4: Stack
A5: Common part | B5: Ag 100 nm (McPeak, fixed) / ETL 200 nm / EML 20 nm / HTL 200 nm / [this electrode] / substrate n = 1.80
A6: TCO films | B6: 50 nm thick, the thinnest layer that still carries the current
A7: thin Ag films | B7: 10 nm thick
A8: Settings | B8: 550 nm, isotropic dipole, PLQY = 1, organics isotropic n = 1.8 with k = 0, u grid 3000, p = 0.30
A9: Optical constants | B9: read from nk_JH_total.mat at 550 nm; the film names are the entry names in that file
A11: Columns
A12: n, k | B12: the measured optical constants of the electrode at 550 nm
A13: eta_sub | B13: substrate-delivered power
A14: A' | B14: round-trip loss
A15: absorbed in the electrode | B15: the part of the dipole power dissipated in this electrode alone — the x axis of the panel
A16: absorbed in the reflector | B16: the same for the 100 nm Ag mirror, which is common to every row
A17: eta_ext, EQE | B17: formulas driven by the p cell below
A19: Input
A20: p | B20: 0.3
A22: Provenance
A23: Script | B23: sim/design_rule4/dr4e.m, one run per film; collected by the shell loop recorded in the README
A24: Figure | B24: sim/design_rule4/plot_dr4e.py, panel (c); standalone version plot_fig3a_c.py
A25: Repository | B25: jjoono/OLED-, branch claude/oled-efficiency-paper-ag-955zsk

Sheet films
A1: film (library entry) | B1: family | C1: n at 550 nm | D1: k at 550 nm | E1: eta_sub | F1: A' | G1: waveguided | H1: u>1 | I1: absorbed, total | J1: absorbed in the reflector | K1: absorbed in the electrode | L1: eta_ext | M1: EQE
A2: IZO | B2: TCO 50 nm | C2: 2.062 | D2: 0.0012 | E2: 0.91139819 | F2: 0.019845796 | G2: 0 | H2: 0.079165163 | I2: 0.0094366465 | J2: 0.0069988971 | K2: 0.0024377493 | L2: =README!$B$20/(README!$B$20+(1-README!$B$20)*F2) | M2: =E2*L2
A3: ITO_SNU | B3: TCO 50 nm | C3: 1.998 | D3: 0.0013 | E3: 0.89463543 | F3: 0.02080532 | G3: 0 | H3: 0.095993702 | I3: 0.0093708674 | J3: 0.0066129678 | K3: 0.0027578996 | L3: =README!$B$20/(README!$B$20+(1-README!$B$20)*F3) | M3: =E3*L3
A4: IZO_SJ_RTP | B4: TCO 50 nm | C4: 2.04 | D4: 0.0034 | E4: 0.90036802 | F4: 0.027230218 | G4: 0 | H4: 0.085842568 | I4: 0.013789408 | J4: 0.0068537354 | K4: 0.0069356724 | L4: =README!$B$20/(README!$B$20+(1-README!$B$20)*F4) | M4: =E4*L4
A5: l_ITO | B5: TCO 50 nm | C5: 1.864 | D5: 0.0032 | E5: 0.95647752 | F5: 0.030888428 | G5: 0 | H5: 0.027846462 | I5: 0.015676019 | J5: 0.0068040466 | K5: 0.0088719727 | L5: =README!$B$20/(README!$B$20+(1-README!$B$20)*F5) | M5: =E5*L5
A6: ITO_test | B6: TCO 50 nm | C6: 1.827 | D6: 0.0038 | E6: 0.95554918 | F6: 0.033362074 | G6: 0 | H6: 0.027467511 | I6: 0.016983311 | J6: 0.0068468718 | K6: 0.010136439 | L6: =README!$B$20/(README!$B$20+(1-README!$B$20)*F6) | M6: =E6*L6
A7: l_IZO | B7: TCO 50 nm | C7: 2.044 | D7: 0.0053 | E7: 0.89537965 | F7: 0.033284646 | G7: 0 | H7: 0.087043487 | I7: 0.017576863 | J7: 0.0068605488 | K7: 0.010716314 | L7: =README!$B$20/(README!$B$20+(1-README!$B$20)*F7) | M7: =E7*L7
A8: ITO | B8: TCO 50 nm | C8: 1.809 | D8: 0.0045 | E8: 0.95387355 | F8: 0.036258509 | G8: 0 | H8: 0.027395118 | I8: 0.018731337 | J8: 0.0068792206 | K8: 0.011852117 | L8: =README!$B$20/(README!$B$20+(1-README!$B$20)*F8) | M8: =E8*L8
A9: IZO_NIR | B9: TCO 50 nm | C9: 1.921 | D9: 0.0128 | E9: 0.9156011 | F9: 0.067076401 | G9: 0 | H9: 0.046286782 | I9: 0.038112114 | J9: 0.0067628642 | K9: 0.03134925 | L9: =README!$B$20/(README!$B$20+(1-README!$B$20)*F9) | M9: =E9*L9
A10: etri_ITO | B10: TCO 50 nm | C10: 1.922 | D10: 0.0481 | E10: 0.8431836 | F10: 0.17833949 | G10: 0 | H10: 0.048659524 | I10: 0.10815688 | J10: 0.0068068939 | K10: 0.10134998 | L10: =README!$B$20/(README!$B$20+(1-README!$B$20)*F10) | M10: =E10*L10
A11: ThinAg_ETRI | B11: thin Ag 10 nm | C11: 0.053 | D11: 2.712 | E11: 0.90773254 | F11: 0.055795429 | G11: 0 | H11: 0.053553486 | I11: 0.038713971 | J11: 0.010485397 | K11: 0.028228574 | L11: =README!$B$20/(README!$B$20+(1-README!$B$20)*F11) | M11: =E11*L11
A12: Ag_bulk | B12: thin Ag 10 nm | C12: 0.044 | D12: 3.819 | E12: 0.89918832 | F12: 0.05230635 | G12: 0 | H12: 0.054360341 | I12: 0.046451338 | J12: 0.015430007 | K12: 0.031021331 | L12: =README!$B$20/(README!$B$20+(1-README!$B$20)*F12) | M12: =E12*L12
A13: Ag_JHS | B13: thin Ag 10 nm | C13: 0.085 | D13: 3.458 | E13: 0.88344683 | F13: 0.081732034 | G13: 0 | H13: 0.050220189 | I13: 0.066332984 | J13: 0.013176366 | K13: 0.053156617 | L13: =README!$B$20/(README!$B$20+(1-README!$B$20)*F13) | M13: =E13*L13
... A18: Ag_SNU | B18: thin Ag 10 nm | C18: 0.532 | D18: 3.483 | E18: 0.69587088 | F18: 0.32644196 | G18: 0 | H18: 0.049637738 | I18: 0.25449138 | J18: 0.011629736 | K18: 0.24286164 | L18: =README!$B$20/(README!$B$20+(1-README!$B$20)*F18) | M18: =E18*L18
