Workbook

Sheet README
A1: Fig. 3(a) — electrode quality
A2: What the round-trip loss and the substrate-delivered power do as the transparent electrode gets worse
A4: Model
A5: Method | B5: Dipole transfer matrix (CPS) with the five-channel power budget: air + substrate-confined + waveguided + u>1 + absorbed = 1
A6: Wavelength | B6: 550 nm, single wavelength
A7: Emitter | B7: isotropic dipole (horizontal fraction 2/3) at the centre of the EML, PLQY = 1
A8: u grid | B8: 3000 points, maximum u = 3; the five channels close to 1.000000 on every row
A10: Stack — two alternative devices, one bottom electrode each
A11: Common part | B11: Ag 100 nm (McPeak measured n,k = 0.044 + 3.819i, never swept) / ETL 200 nm / EML 20 nm / HTL 200 nm / [bottom electrode] / substrate
A12: Device A (sheet a) | B12: bottom electrode = 50 nm TCO, n = 1.8636 + k i, with k swept from 0 to 0.08
A13: Device B (sheet b) | B13: bottom electrode = 10 nm thin Ag, n = n_Ag + 3.819i, with n_Ag swept from 0 to 0.5
A14: Organics | B14: ETL, EML and HTL isotropic, n = 1.8, k = 0 — the same generic stack as Fig. 2
A15: Substrate | B15: n = 1.80, index-matched to the outcoupling structure
A16: TCO real index | B16: 1.8636, the real part of the Koenig et al. (2014) ITO at 550 nm, so the sweep passes through the operating point of Fig. 2
A18: Cross-check against Fig. 2
A19: same stack, same numbers | B19: at k_TCO = 0.0032 (the Koenig value) device A gives eta_sub = 0.9564 and A' = 0.0310, identical to the Ag / ITO 50 nm point of Fig. 2 at n_sub = 1.8
A21: Quantities
A22: eta_sub | B22: substrate-delivered power: the fraction of dipole power that reaches the substrate at all angles (simulated)
A23: A' | B23: round-trip loss, 1 minus the reflectance of the stack seen from the substrate, flux-weighted over angle (simulated)
A24: waveguided, u>1, absorbed | B24: the other three channels of the budget. u>1 is surface plasmon plus any light guided in the electrode when its index exceeds the substrate
A25: absorbed, split | B25: the same absorption separated into the Ag reflector and the bottom electrode
A26: eta_ext | B26: p / [p + (1 - p) A']. FORMULA, driven by the p cell below
A27: EQE | B27: eta_sub x eta_ext. FORMULA
A29: Input — edit this cell
A30: p (single-pass escape) | B30: 0.3
A31: Source of p | B31: read off the single-pass escape probability of the outcoupling structure at n_sub = 1.8
A33: Provenance
A34: Script | B34: sim/design_rule4/dr4e.m (Octave), MODE=kito for sheet a and MODE=nagb for sheet b, run with UNUM=3000
A35: Source files | B35: f3a_ito_konig.csv and f3a_ag_konig.csv
A36: Superseded | B36: p_ito_n19.csv and p_ag.csv, the earlier run at n_TCO = 1.9 with a uniaxial ETL (n_e = 1.6) and a thin-Ag k of 3.5
A37: Repository | B37: jjoono/OLED-, branch claude/oled-efficiency-paper-ag-955zsk

Sheet a_TCO_electrode
A1: Device A: 50 nm TCO bottom electrode, n = 1.8636 + k i
A2: eta_ext and EQE are formulas driven by p in README!B30; the closure column re-adds the four channels
A4: k_TCO | B4: eta_sub | C4: A' (round trip) | D4: waveguided | E4: u>1 (SPP etc.) | F4: absorbed | G4: in the Ag reflector | H4: in the bottom electrode | I4: eta_ext | J4: EQE | K4: closure check
A5: 0 | B5: 0.96613401 | C5: 0.016684341 | D5: 0 | E5: 0.027061205 | F5: 0.0068047823 | G5: 0.0068047823 | H5: 0 | I5: =README!$B$30/(README!$B$30+(1-README!$B$30)*C5) | J5: =B5*I5 | K5: =B5+D5+E5+F5
A6: 0.0025 | B6: 0.95856205 | C6: 0.027833707 | D6: 0 | E6: 0.027669093 | F6: 0.013768859 | G6: 0.0068043661 | H6: 0.0069644931 | I6: =README!$B$30/(README!$B$30+(1-README!$B$30)*C6) | J6: =B6*I6 | K6: =B6+D6+E6+F6
A7: 0.005 | B7: 0.95124844 | C7: 0.038612088 | D7: 0 | E7: 0.028273935 | F7: 0.020477624 | G7: 0.0068043194 | H7: 0.013673304 | I7: =README!$B$30/(README!$B$30+(1-README!$B$30)*C7) | J7: =B7*I7 | K7: =B7+D7+E7+F7
A8: 0.01 | B8: 0.93730282 | C8: 0.05917103 | D8: 0 | E8: 0.029464971 | F8: 0.033232206 | G8: 0.0068051955 | H8: 0.02642701 | I8: =README!$B$30/(README!$B$30+(1-README!$B$30)*C8) | J8: =B8*I8 | K8: =B8+D8+E8+F8
A9: 0.015 | B9: 0.92414185 | C9: 0.078559164 | D9: 0 | E9: 0.030617235 | F9: 0.045240911 | G9: 0.0068072063 | H9: 0.038433705 | I9: =README!$B$30/(README!$B$30+(1-README!$B$30)*C9) | J9: =B9*I9 | K9: =B9+D9+E9+F9
A10: 0.02 | B10: 0.91165044 | C10: 0.096931453 | D10: 0 | E10: 0.031717555 | F10: 0.056632008 | G10: 0.0068102315 | H10: 0.049821777 | I10: =README!$B$30/(README!$B$30+(1-README!$B$30)*C10) | J10: =B10*I10 | K10: =B10+D10+E10+F10
A11: 0.025 | B11: 0.89974114 | C11: 0.11441035 | D11: 0 | E11: 0.032757135 | F11: 0.067501725 | G11: 0.0068141928 | H11: 0.060687533 | I11: =README!$B$30/(README!$B$30+(1-README!$B$30)*C11) | J11: =B11*I11 | K11: =B11+D11+E11+F11
A12: 0.03 | B12: 0.88834535 | C12: 0.13109398 | D12: 0 | E12: 0.033731258 | F12: 0.077923389 | G12: 0.0068190286 | H12: 0.07110436 | I12: =README!$B$30/(README!$B$30+(1-README!$B$30)*C12) | J12: =B12*I12 | K12: =B12+D12+E12+F12
A13: 0.035 | B13: 0.87740757 | C13: 0.14706224 | D13: 0 | E13: 0.034638531 | F13: 0.087953901 | G13: 0.0068246822 | H13: 0.081129219 | I13: =README!$B$30/(README!$B$30+(1-README!$B$30)*C13) | J13: =B13*I13 | K13: =B13+D13+E13+F13
A14: 0.04 | B14: 0.86688179 | C14: 0.1623812 | D14: 0 | E14: 0.035479973 | F14: 0.097638235 | G14: 0.0068310974 | H14: 0.090807138 | I14: =README!$B$30/(README!$B$30+(1-README!$B$30)*C14) | J14: =B14*I14 | K14: =B14+D14+E14+F14
A15: 0.045 | B15: 0.85672927 | C15: 0.17710631 | D15: 0 | E15: 0.036258177 | F15: 0.10701256 | G15: 0.0068382184 | H15: 0.10017434 | I15: =README!$B$30/(README!$B$30+(1-README!$B$30)*C15) | J15: =B15*I15 | K15: =B15+D15+E15+F15
A16: 0.05 | B16: 0.84691694 | C16: 0.19128472 | D16: 0 | E16: 0.036976645 | F16: 0.11610641 | G16: 0.00684599 | H16: 0.10926042 | I16: =README!$B$30/(README!$B$30+(1-README!$B$30)*C16) | J16: =B16*I16 | K16: =B16+D16+E16+F16
... A22: 0.08 | B22: 0.7938287 | C22: 0.2668214 | D22: 0 | E22: 0.040252506 | F22: 0.16591879 | G22: 0.0069035669 | H22: 0.15901523 | I22: =README!$B$30/(README!$B$30+(1-README!$B$30)*C22) | J22: =B22*I22 | K22: =B22+D22+E22+F22

Sheet b_thin_Ag_electrode
A1: Device B: 10 nm thin Ag bottom electrode, n = n_Ag + 3.819i
A2: eta_ext and EQE are formulas driven by p in README!B30; the closure column re-adds the four channels
A4: n_Ag | B4: eta_sub | C4: A' (round trip) | D4: waveguided | E4: u>1 (SPP etc.) | F4: absorbed | G4: in the Ag reflector | H4: in the bottom electrode | I4: eta_ext | J4: EQE | K4: closure check
A5: 0 | B5: 0.90406273 | C5: 0.018073145 | D5: 0 | E5: 0.080548041 | F5: 0.015389233 | G5: 0.015389233 | H5: 0 | I5: =README!$B$30/(README!$B$30+(1-README!$B$30)*C5) | J5: =B5*I5 | K5: =B5+D5+E5+F5
A6: 0.025 | B6: 0.90615293 | C6: 0.037784608 | D6: 0 | E6: 0.060480976 | F6: 0.033366097 | G6: 0.015495019 | H6: 0.017871078 | I6: =README!$B$30/(README!$B$30+(1-README!$B$30)*C6) | J6: =B6*I6 | K6: =B6+D6+E6+F6
A7: 0.05 | B7: 0.8963388 | C7: 0.056812671 | D7: 0 | E7: 0.053188942 | F7: 0.050472262 | G7: 0.015398325 | H7: 0.035073936 | I7: =README!$B$30/(README!$B$30+(1-README!$B$30)*C7) | J7: =B7*I7 | K7: =B7+D7+E7+F7
A8: 0.075 | B8: 0.88301975 | C8: 0.075192173 | D8: 0 | E8: 0.050300423 | F8: 0.066679829 | G8: 0.015241097 | H8: 0.051438732 | I8: =README!$B$30/(README!$B$30+(1-README!$B$30)*C8) | J8: =B8*I8 | K8: =B8+D8+E8+F8
A9: 0.1 | B9: 0.86884955 | C9: 0.092955183 | D9: 0 | E9: 0.049080069 | F9: 0.082070385 | G9: 0.015068312 | H9: 0.067002073 | I9: =README!$B$30/(README!$B$30+(1-README!$B$30)*C9) | J9: =B9*I9 | K9: =B9+D9+E9+F9
A10: 0.125 | B10: 0.85471346 | C10: 0.11013133 | D10: 0 | E10: 0.048561029 | F10: 0.096725509 | G10: 0.01489501 | H10: 0.081830498 | I10: =README!$B$30/(README!$B$30+(1-README!$B$30)*C10) | J10: =B10*I10 | K10: =B10+D10+E10+F10
A11: 0.15 | B11: 0.84093262 | C11: 0.12674806 | D11: 0 | E11: 0.048351533 | F11: 0.11071585 | G11: 0.014726668 | H11: 0.095989178 | I11: =README!$B$30/(README!$B$30+(1-README!$B$30)*C11) | J11: =B11*I11 | K11: =B11+D11+E11+F11
A12: 0.175 | B12: 0.82761776 | C12: 0.14283091 | D12: 0 | E12: 0.048281167 | F12: 0.12410108 | G12: 0.014565184 | H12: 0.10953589 | I12: =README!$B$30/(README!$B$30+(1-README!$B$30)*C12) | J12: =B12*I12 | K12: =B12+D12+E12+F12
A13: 0.2 | B13: 0.81479485 | C13: 0.15840364 | D13: 0 | E13: 0.048273375 | F13: 0.13693178 | G13: 0.014411017 | H13: 0.12252076 | I13: =README!$B$30/(README!$B$30+(1-README!$B$30)*C13) | J13: =B13*I13 | K13: =B13+D13+E13+F13
A14: 0.225 | B14: 0.80245532 | C14: 0.17348845 | D14: 0 | E14: 0.048293363 | F14: 0.14925132 | G14: 0.014264032 | H14: 0.13498728 | I14: =README!$B$30/(README!$B$30+(1-README!$B$30)*C14) | J14: =B14*I14 | K14: =B14+D14+E14+F14
A15: 0.25 | B15: 0.79057727 | C15: 0.18810615 | D15: 0 | E15: 0.048325314 | F15: 0.16109741 | G15: 0.01412387 | H15: 0.14697354 | I15: =README!$B$30/(README!$B$30+(1-README!$B$30)*C15) | J15: =B15*I15 | K15: =B15+D15+E15+F15
A16: 0.275 | B16: 0.77913463 | C16: 0.20227621 | D16: 0 | E16: 0.048362092 | F16: 0.17250327 | G16: 0.0139901 | H16: 0.15851317 | I16: =README!$B$30/(README!$B$30+(1-README!$B$30)*C16) | J16: =B16*I16 | K16: =B16+D16+E16+F16
... A25: 0.5 | B25: 0.69192166 | C25: 0.31236439 | D25: 0 | E25: 0.048697282 | F25: 0.25938106 | G25: 0.013011151 | H25: 0.24636991 | I25: =README!$B$30/(README!$B$30+(1-README!$B$30)*C25) | J25: =B25*I25 | K25: =B25+D25+E25+F25
